<?xml version="1.0" encoding="UTF-8"?>
<project-private xmlns="http://www.netbeans.org/ns/project-private/1">
    <editor-bookmarks xmlns="http://www.netbeans.org/ns/editor-bookmarks/2" lastBookmarkId="0"/>
    <open-files xmlns="http://www.netbeans.org/ns/projectui-open-files/2">
        <group>
            <file>file:/D:/Lab%204/Methods/src/methods/Pseudocode.txt</file>
            <file>file:/D:/Lab%204/Methods/src/methods/Methods.java</file>
            <file>file:/D:/Lab%204/Methods/src/methods/MyUtils.java</file>
            <file>file:/D:/Lab%204/Methods/src/methods/MethodForm.java</file>
        </group>
    </open-files>
</project-private>
