<?xml version="1.0" encoding="UTF-8"?>
<project-private xmlns="http://www.netbeans.org/ns/project-private/1">
    <editor-bookmarks xmlns="http://www.netbeans.org/ns/editor-bookmarks/2" lastBookmarkId="0"/>
    <open-files xmlns="http://www.netbeans.org/ns/projectui-open-files/2">
        <group>
            <file>file:/E:/Cuyamaca/2015FallCS119/Demos/Week1Demo/MultiplyDemo/src/multiplydemo/MultiplyDemo.java</file>
            <file>file:/E:/Cuyamaca/2015FallCS119/Demos/Week1Demo/MultiplyDemo/src/multiplydemo/pseudocode.txt</file>
            <file>file:/E:/Cuyamaca/2015FallCS119/Demos/Week1Demo/MultiplyDemo/src/multiplydemo/MultiplyForm.java</file>
        </group>
    </open-files>
</project-private>
