<?xml version="1.0" encoding="UTF-8"?>
<project-private xmlns="http://www.netbeans.org/ns/project-private/1">
    <editor-bookmarks xmlns="http://www.netbeans.org/ns/editor-bookmarks/2" lastBookmarkId="0"/>
    <open-files xmlns="http://www.netbeans.org/ns/projectui-open-files/2">
        <group>
            <file>file:/D:/Lab%206/Lab6/src/lab6/Magazine.java</file>
            <file>file:/D:/Lab%206/Lab6/src/lab6/Burrito.java</file>
            <file>file:/D:/Lab%206/Lab6/src/lab6/ClassForrm.java</file>
            <file>file:/D:/Lab%206/Lab6/src/lab6/Lab6.java</file>
            <file>file:/D:/Lab%206/Lab6/src/lab6/MyUtils.java</file>
        </group>
    </open-files>
</project-private>
