<?xml version="1.0" encoding="UTF-8"?>
<project-private xmlns="http://www.netbeans.org/ns/project-private/1">
    <editor-bookmarks xmlns="http://www.netbeans.org/ns/editor-bookmarks/2" lastBookmarkId="0"/>
    <open-files xmlns="http://www.netbeans.org/ns/projectui-open-files/2">
        <group>
            <file>file:/D:/Final%20Project/FinalProject/src/finalproject/InvalidDestException.java</file>
            <file>file:/D:/Final%20Project/FinalProject/src/finalproject/Ticket.java</file>
            <file>file:/D:/Final%20Project/FinalProject/src/finalproject/Person.java</file>
            <file>file:/D:/Final%20Project/FinalProject/src/finalproject/FinalProject.java</file>
            <file>file:/D:/Final%20Project/FinalProject/src/finalproject/PassengerForm.java</file>
            <file>file:/D:/Final%20Project/FinalProject/src/finalproject/Passenger.java</file>
            <file>file:/D:/Final%20Project/FinalProject/src/finalproject/MyUtils.java</file>
        </group>
    </open-files>
</project-private>
