<?xml version="1.0" encoding="UTF-8"?>
<project-private xmlns="http://www.netbeans.org/ns/project-private/1">
    <editor-bookmarks xmlns="http://www.netbeans.org/ns/editor-bookmarks/2" lastBookmarkId="0"/>
    <open-files xmlns="http://www.netbeans.org/ns/projectui-open-files/2">
        <group>
            <file>file:/D:/Lab%207/lab7Exercises/src/lab7exercises/lab7Form.java</file>
            <file>file:/D:/Lab%207/lab7Exercises/src/lab7exercises/employee.java</file>
            <file>file:/D:/Lab%207/lab7Exercises/src/lab7exercises/student.java</file>
            <file>file:/D:/Lab%207/lab7Exercises/src/lab7exercises/person.java</file>
            <file>file:/D:/Lab%207/lab7Exercises/src/lab7exercises/Lab7Exercises.java</file>
        </group>
    </open-files>
</project-private>
