<?xml version="1.0" encoding="UTF-8"?>
<project-private xmlns="http://www.netbeans.org/ns/project-private/1">
    <editor-bookmarks xmlns="http://www.netbeans.org/ns/editor-bookmarks/2" lastBookmarkId="0"/>
    <open-files xmlns="http://www.netbeans.org/ns/projectui-open-files/2">
        <group>
            <file>file:/D:/Lab%205/Lab5/src/lab5/Pseudocode.txt</file>
            <file>file:/D:/Lab%205/Lab5/src/lab5/Lab5Form.java</file>
            <file>file:/D:/Lab%205/Lab5/src/lab5/MyUtils.java</file>
            <file>file:/D:/Lab%205/Lab5/src/lab5/Lab5.java</file>
        </group>
    </open-files>
</project-private>
